arm,split,turn,learning_seconds,expert_kl,family_kl,value_mse,value_family_mse
source_cnn,validation_history,0,0.0,2.42279964353622,2.4661592730314443,0.92998914026991,0.9225447082157319
source_cnn,validation_history,9,478.76473179098684,2.415991471747271,2.459376285903471,0.9064490496934302,0.8998533768461231
source_cnn,validation_history,18,957.2359639890492,2.4041846296021743,2.4475980381809346,0.8382355742713655,0.8342503386219887
source_cnn,validation_history,27,1411.6772349130188,2.2099634808002535,2.252735618296159,0.6241567299223778,0.6347564421873457
source_cnn,validation_history,36,1842.3690640179848,1.6874631788440966,1.7242780411524126,0.3037538891029725,0.3094005629639047
source_cnn,validation_history,45,2320.8859237599245,1.3491318663275078,1.3771938868110731,0.3317702721603421,0.33789474803448083
source_cnn,validation_history,54,2847.751984455943,1.270029558656733,1.2968575022561155,0.4585113495016816,0.468548926402577
source_cnn,validation_history,63,3302.1541848989436,1.0851380451539794,1.108908537837519,0.2803672783946352,0.29043560006105223
source_cnn,validation_history,72,3756.83846664094,0.9939623509917639,1.0163672572980387,0.20086763928813123,0.20894269992781825
source_cnn,validation_history,81,4235.13542399992,1.017834139759306,1.0418452214220357,0.2765321820790446,0.2901038183724159
source_cnn,validation_history,90,4689.926326698944,0.8920555820937146,0.9135058258753275,0.19819648909225498,0.207383504716197
source_cnn,validation_history,99,5120.501102220936,0.9422505122887084,0.9647691076937845,0.23279057203374728,0.24612239720398066
source_cnn,validation_history,108,5550.532999191986,0.8016416954540175,0.823065845673606,0.15781617609145163,0.16885146925554034
source_cnn,training_probe_history,0,0.0,2.3690091035111553,2.478385701848482,0.9314950573504922,0.9181358694510677
source_cnn,training_probe_history,9,478.76473179098684,2.3624144946783767,2.4718385308268607,0.9071360256364782,0.8956534968153144
source_cnn,training_probe_history,18,957.2359639890492,2.3509850992222248,2.4604518410550362,0.8361953642509257,0.8308227238641672
source_cnn,training_probe_history,27,1411.6772349130188,2.161808718112126,2.2691717773707847,0.5615411451113401,0.5925193937431774
source_cnn,training_probe_history,36,1842.3690640179848,1.6504597837160189,1.7420251160729512,0.2942624504586644,0.316483503799465
source_cnn,training_probe_history,45,2320.8859237599245,1.3110123062538381,1.3798039253159473,0.3345934250666947,0.36166448526279876
source_cnn,training_probe_history,54,2847.751984455943,1.234620235426009,1.302503444296999,0.45920864566809866,0.4973669657432236
source_cnn,training_probe_history,63,3302.1541848989436,1.0564793031185458,1.1137696607814491,0.2786626058967854,0.30845675342390844
source_cnn,training_probe_history,72,3756.83846664094,0.9662403708389933,1.0198751254299343,0.20538658972701967,0.23134158986970804
source_cnn,training_probe_history,81,4235.13542399992,0.9864302821995423,1.0444227630707785,0.26858768144078066,0.3052386983916018
source_cnn,training_probe_history,90,4689.926326698944,0.8649104592691144,0.9169808714501886,0.19143452630240798,0.21658598026840256
source_cnn,training_probe_history,99,5120.501102220936,0.9164820011443351,0.9698961724924375,0.23316162431909737,0.2674798401479103
source_cnn,training_probe_history,108,5550.532999191986,0.7774106918575443,0.8277197400934715,0.14697066432827316,0.17108816673590582
cnn_adamw,validation_history,0,0.0,2.42279964353622,2.4661592730314443,0.92998914026991,0.9225447082157319
cnn_adamw,validation_history,9,477.3482677360298,2.31476682569691,2.3602691428302776,0.8825917553074303,0.888108553984506
cnn_adamw,validation_history,18,954.9584289010381,1.8639624008858076,1.8984689584636834,0.770605842955324,0.7700951274459735
cnn_adamw,validation_history,27,1408.0000628970738,1.7266809659538604,1.7617256710888634,1.095702404128272,1.1093632020613942
cnn_adamw,validation_history,36,1837.47493962702,1.644961132540351,1.6762549887663574,0.6518302787379321,0.6539062613315545
cnn_adamw,validation_history,45,2314.7334809390013,1.8102298048352385,1.844642128949491,0.6720856200896486,0.6718612333289014
cnn_adamw,validation_history,54,2839.1724728279514,1.4297533828161284,1.459775192207006,0.589609944569662,0.6034112851525594
cnn_adamw,validation_history,63,3292.511846087,1.3770169990949088,1.406621656750613,0.4001323646037661,0.4124229002365724
cnn_adamw,validation_history,72,3745.7158162639826,1.2460012192289827,1.2725655673501657,0.27349188936689256,0.28002132899695253
cnn_adamw,validation_history,81,4222.2220061359985,1.1742035938744113,1.1997404354758698,0.24758464232839558,0.25221532135272634
cnn_adamw,validation_history,90,4675.615809835028,1.0921097333299468,1.1177275199644239,0.21000262251514706,0.2172841968140076
cnn_adamw,validation_history,99,5104.998083283048,1.0456431517121043,1.0712308019491337,0.1825963832128025,0.19044487374298788
cnn_adamw,validation_history,108,5534.319477667072,0.9898418967926812,1.0141815923693414,0.15960292880706453,0.16738954281786245
cnn_adamw,training_probe_history,0,0.0,2.3690091035111553,2.478385701848482,0.9314950573504922,0.9181358694510677
cnn_adamw,training_probe_history,9,477.3482677360298,2.2629733465288506,2.376972337578761,0.8728156857346538,0.8907833923671616
cnn_adamw,training_probe_history,18,954.9584289010381,1.8369036141916162,1.9244995868357373,0.7693058754454069,0.7735909868693804
cnn_adamw,training_probe_history,27,1408.0000628970738,1.6932481323149062,1.7793576208701785,1.0626017029252648,1.1029085666634435
cnn_adamw,training_probe_history,36,1837.47493962702,1.6132595175185607,1.6899699384444853,0.6373090249108023,0.6478017977139443
cnn_adamw,training_probe_history,45,2314.7334809390013,1.7700652584987813,1.8570311550642282,0.6756795289037643,0.6831750770082555
cnn_adamw,training_probe_history,54,2839.1724728279514,1.3903014113465941,1.4634470369206314,0.629091378124971,0.6885603623811053
cnn_adamw,training_probe_history,63,3292.511846087,1.3411061963883668,1.413800265401509,0.3601411244836537,0.3969816633404752
cnn_adamw,training_probe_history,72,3745.7158162639826,1.2098386650354467,1.2752223035662689,0.2819213855830643,0.3120338391654744
cnn_adamw,training_probe_history,81,4222.2220061359985,1.1460514334424952,1.2090785708433378,0.27895747987310554,0.3047528649493086
cnn_adamw,training_probe_history,90,4675.615809835028,1.0625675960125043,1.1249127246078063,0.23052635765682566,0.2568898693485099
cnn_adamw,training_probe_history,99,5104.998083283048,1.0156670839690753,1.0765038829114997,0.21806162285542566,0.24617246405414145
cnn_adamw,training_probe_history,108,5534.319477667072,0.9626995027259366,1.020517387242676,0.1563539840919417,0.17828109676047807
transformer_mse,validation_history,0,0.0,2.574227773046123,2.6173902822268147,0.9869587257683423,0.9840257561523416
transformer_mse,validation_history,9,704.8095972490264,2.1167352623363995,2.1558080195553906,0.9215952005235116,0.9143266725636002
transformer_mse,validation_history,18,1410.2335117830662,1.5970490492139295,1.628323133264753,0.9216022512969859,0.9143333874270683
transformer_mse,validation_history,27,2079.957946541108,1.4292906965623131,1.4552629320619648,0.9216015709236697,0.9143328572126238
transformer_mse,validation_history,36,2713.787508531095,1.3676070635450537,1.3939672670226697,0.92160316656109,0.9143343055165091
transformer_mse,validation_history,45,3418.58208510009,1.272954094758767,1.2994294479792945,0.921601797714775,0.9143331027481719
transformer_mse,validation_history,54,4194.404796121089,1.2402478366720442,1.2647701054933167,0.9215787014705913,0.9143107483378347
transformer_mse,validation_history,63,4863.819392364065,1.16150536548877,1.1860942244729822,0.8883279584381324,0.8825506362267304
transformer_mse,validation_history,72,5533.149342980061,1.1233747501409992,1.147323876746393,0.6816976832122226,0.6819354501135605
transformer_mse,validation_history,81,6237.8480986530485,1.0920173483532114,1.1172105857904548,0.6108444646187732,0.6106840196198987
transformer_mse,validation_history,90,6907.755836197059,1.0516449191275878,1.0753118874377368,0.5545662416806543,0.55578590071684
transformer_mse,validation_history,99,7541.488911979046,0.9983444411296944,1.0216664126144748,0.5435126436689254,0.5445612965119591
transformer_mse,validation_history,108,8175.380675567052,0.9657131537026826,0.9889828128390126,0.5422333737658676,0.543563874179728
transformer_mse,training_probe_history,0,0.0,2.5193004423250467,2.6285187857491628,0.9784845889813557,0.9698127867683531
transformer_mse,training_probe_history,9,704.8095972490264,2.0852057549936736,2.183536166236514,0.9253744564699123,0.9127892085484096
transformer_mse,training_probe_history,18,1410.2335117830662,1.5607026365642969,1.6387656681121343,0.9253821246197179,0.9127962097289071
transformer_mse,training_probe_history,27,2079.957946541108,1.3996060751516475,1.4646472628154448,0.9253813796099026,0.9127955361018105
transformer_mse,training_probe_history,36,2713.787508531095,1.340724133549951,1.4071651034884982,0.9253829786553598,0.9127969590444414
transformer_mse,training_probe_history,45,3418.58208510009,1.2413335007000907,1.3085675012497675,0.9253816703454404,0.9127957707359677
transformer_mse,training_probe_history,54,4194.404796121089,1.2041315627732918,1.2629420265318854,0.9253578663732951,0.9127740557231601
transformer_mse,training_probe_history,63,4863.819392364065,1.1269350993966656,1.1899428291926308,0.8923192795166347,0.8836152667091006
transformer_mse,training_probe_history,72,5533.149342980061,1.0909130389655397,1.1493869357638888,0.682829415357,0.6924743349589999
transformer_mse,training_probe_history,81,6237.8480986530485,1.0615391553900042,1.1237844436887712,0.6063380220011211,0.6171236605871291
transformer_mse,training_probe_history,90,6907.755836197059,1.0232233369345773,1.0800499083503845,0.5593665432300485,0.5666332509782579
transformer_mse,training_probe_history,99,7541.488911979046,0.9726411680939844,1.0285704173738992,0.5504025851331802,0.5575889632815406
transformer_mse,training_probe_history,108,8175.380675567052,0.9419582477601733,0.99671148875403,0.5465284614100906,0.5538313086070712
transformer_ce,validation_history,0,0.0,2.574227773046123,2.6173902822268147,0.9869587257683423,0.9840257561523416
transformer_ce,validation_history,9,704.9610063649016,2.081377719030962,2.1209412600255186,0.6241675227490918,0.6344355129920117
transformer_ce,validation_history,18,1410.5347819419112,1.8106910817443267,1.8400437249704087,0.5716872388338428,0.5846371852157766
transformer_ce,validation_history,27,2080.731829548895,1.4771054541057747,1.5073146178499677,0.3270415783909288,0.33407930887878035
transformer_ce,validation_history,36,2715.2062354658847,1.438147342811733,1.4650091418222297,0.29843342342987983,0.3052253697491351
transformer_ce,validation_history,45,3420.9670865507214,1.2480252164494314,1.2747210563158484,0.22689812773929233,0.22701472593800737
transformer_ce,validation_history,54,4197.105705640744,1.2257657666472448,1.24988979724073,0.20319377921190934,0.20362044202932042
transformer_ce,validation_history,63,4866.700786818692,1.1474429238064827,1.1740351979549581,0.18009716016470606,0.18316646371255754
transformer_ce,validation_history,72,5535.978548878687,1.0752833722463673,1.0992350208334423,0.18197569848056114,0.1862696309318168
transformer_ce,validation_history,81,6240.930415683717,1.0230930367095747,1.0463273056040623,0.1658234599099986,0.17208866018553406
transformer_ce,validation_history,90,6910.660423782712,0.9914921422713738,1.0150221637466466,0.1533966798486837,0.16097199626551462
transformer_ce,validation_history,99,7545.061571541708,0.959663500965223,0.9833271114388209,0.1468926915033409,0.15372981974244374
transformer_ce,validation_history,108,8179.095682259649,0.9354199529777802,0.9587281361091935,0.1504064391551721,0.1592532297196658
transformer_ce,training_probe_history,0,0.0,2.5193004423250467,2.6285187857491628,0.9784845889813557,0.9698127867683531
transformer_ce,training_probe_history,9,704.9610063649016,2.0435233643800124,2.14343013460674,0.6140986529641069,0.6498454109070793
transformer_ce,training_probe_history,18,1410.5347819419112,1.7828382519002477,1.8567690773615761,0.5469763735764135,0.5922924185556079
transformer_ce,training_probe_history,27,2080.731829548895,1.4422738411862936,1.5192076062399242,0.30411332286606657,0.33787741263707477
transformer_ce,training_probe_history,36,2715.2062354658847,1.407601375120946,1.4782659137059775,0.2675160938473964,0.3022108853809417
transformer_ce,training_probe_history,45,3420.9670865507214,1.218533801785814,1.2844348786369202,0.22367634453931518,0.259060196815029
transformer_ce,training_probe_history,54,4197.105705640744,1.1929003762699328,1.2530269925556485,0.1775661622036369,0.20561738247199665
transformer_ce,training_probe_history,63,4866.700786818692,1.1173339943690341,1.1807684822688027,0.1812921972679191,0.21262941213827286
transformer_ce,training_probe_history,72,5535.978548878687,1.0471696241254675,1.1058681427486357,0.17133098511653008,0.1993127493631272
transformer_ce,training_probe_history,81,6240.930415683717,0.9951109548569117,1.0517599317762585,0.1397057454245279,0.16393787919410638
transformer_ce,training_probe_history,90,6910.660423782712,0.9647207325256311,1.020639237903413,0.13532736182396934,0.16062409855011436
transformer_ce,training_probe_history,99,7545.061571541708,0.934983502211916,0.9896039811391679,0.12134498110117929,0.14523673748656635
transformer_ce,training_probe_history,108,8179.095682259649,0.9094444203780028,0.9632156008765809,0.12461114837853463,0.14977809426463431
