arm,split,update,learning_seconds,expert_kl,family_kl,value_mse,value_family_mse,expert_top1
dense,validation_history,0,0.0,2.4566923484808765,2.5325911645175645,0.9847092971674939,0.9763774871826172,0.005825604697767628
dense,validation_history,32,1156.308283746941,1.4785723639624209,1.532714220942283,0.2734040742418931,0.3088509928004271,0.21587360768047723
dense,validation_history,64,2229.5985744162463,1.1339563817557599,1.1794682068078695,0.2295498959742705,0.25934931656130317,0.4217271752807941
dense,validation_history,96,3350.339268666925,1.1813563233540725,1.2295750468766609,0.24565322165317266,0.28090467876723024,0.3946342296997095
dense,validation_history,128,4474.514136696234,0.9853650190400178,1.0294348139341185,0.20845883616816513,0.24680796164233668,0.4012365816905128
dense,validation_history,160,5583.541599484859,0.9006074163831537,0.9401168823242188,0.18530398543640925,0.21050039775112048,0.46792810427055664
dense,validation_history,192,6643.477904500207,0.8322659126392318,0.869338963307491,0.14248598889920405,0.16207051054150068,0.45127464230787157
dense,validation_history,224,7688.901447654702,0.7647304510911357,0.8002874672818345,0.12382050546948142,0.14305312460174366,0.4838203538860667
dense,validation_history,256,8771.791782968212,0.7280013485061207,0.7631861628318317,0.12195566106432609,0.14215277964059186,0.48670985381615944
dense,training_probe_history,0,0.0,2.436326243225612,2.5512778759002686,1.0031954881322762,0.992886409163475,0.005036312543337834
dense,training_probe_history,32,1156.308283746941,1.4639780625022811,1.5457348823547363,0.28141301472053654,0.33376104664057493,0.21413452063793292
dense,training_probe_history,64,2229.5985744162463,1.1214098738412832,1.1866979002952576,0.1598498669250495,0.1970133122522384,0.4171198131455056
dense,training_probe_history,96,3350.339268666925,1.1659437754324657,1.2370995879173279,0.16580590964764522,0.2090311135398224,0.3841100689755848
dense,training_probe_history,128,4474.514136696234,0.9769707167393524,1.0402961373329163,0.19161113443733466,0.24295528756920248,0.38892741140834275
dense,training_probe_history,160,5583.541599484859,0.8878484561466733,0.9454230666160583,0.12574548221174797,0.1561693124822341,0.4714061530601073
dense,training_probe_history,192,6643.477904500207,0.8204088696580416,0.8740735054016113,0.1174155938651874,0.14537328539881855,0.44843253895843216
dense,training_probe_history,224,7688.901447654702,0.7491728033420313,0.8012481331825256,0.10852716317216322,0.13613225148583297,0.48916097952629467
dense,training_probe_history,256,8771.791782968212,0.7126139186297946,0.763751208782196,0.10192052389008256,0.12917578780616168,0.4851830225174264
temporal,validation_history,0,0.0,2.459849295247472,2.5348365610494215,1.0637661436001848,1.054662181508302,0.005980954156374765
temporal,validation_history,32,1160.5330063311849,1.6959144184687203,1.7629169572724193,0.4981171558384453,0.5405607972429133,0.26932935638719296
temporal,validation_history,64,2237.3436670457013,1.2309214025191855,1.2745186776593433,0.23701149076063646,0.2737805238139156,0.32118500567025526
temporal,validation_history,96,3361.4951839961577,1.0581988984024249,1.1036574162118948,0.19855945228213626,0.23395580872423558,0.3703841792111354
temporal,validation_history,128,4489.177856859751,0.9677059575789175,1.0129012540843045,0.1862135359707253,0.22941322256058125,0.4422177688710755
temporal,validation_history,160,5601.994955964852,0.8822511180306352,0.9233084967566705,0.15694971021333487,0.17779229137793962,0.4310947476348045
temporal,validation_history,192,6664.794430106645,0.8239164860729211,0.8616588766181206,0.1463707457222691,0.17166212321769708,0.47999875720433116
temporal,validation_history,224,7712.821756603196,0.7739657791843375,0.8102314123785392,0.12775482497092527,0.15049744594931672,0.48548259309316305
temporal,validation_history,256,8799.04230161081,0.7430471711349056,0.7787744978979396,0.12454921679862628,0.1461694656284902,0.4612480775504497
temporal,training_probe_history,0,0.0,2.442445645231926,2.5559402108192444,1.062101976205248,1.0485419929027557,0.0054925002737126385
temporal,training_probe_history,32,1160.5330063311849,1.6768795932402103,1.7792262434959412,0.480488432005789,0.5522622875869274,0.27157767964672824
temporal,training_probe_history,64,2237.3436670457013,1.2207265046211813,1.2831278443336487,0.16468603656847178,0.20299885608255863,0.31898470858727784
temporal,training_probe_history,96,3361.4951839961577,1.0422751308118317,1.108782172203064,0.1720310125006041,0.21779250507825054,0.3618298602240794
temporal,training_probe_history,128,4489.177856859751,0.9542162153069231,1.0196077227592468,0.1672583222715512,0.20958969235653058,0.437228568300427
temporal,training_probe_history,160,5601.994955964852,0.8695641667959197,0.9279553294181824,0.11347722180598557,0.14012722828192636,0.42500273712638226
temporal,training_probe_history,192,6664.794430106645,0.8063998434135615,0.8607450127601624,0.1028271246459344,0.12953811707848217,0.48383270683551693
temporal,training_probe_history,224,7712.821756603196,0.7602052046458159,0.8136849403381348,0.11309312843962319,0.1423362851201091,0.490675522791139
temporal,training_probe_history,256,8799.04230161081,0.7274203467711033,0.7785193920135498,0.09837480252826523,0.12350843424792401,0.45801248129630306
balance_low,validation_history,0,0.0,2.459849295247472,2.5348365610494215,1.0637661436001848,1.054662181508302,0.005980954156374765
balance_low,validation_history,32,1159.6604528950993,1.522690108293137,1.5759203180855428,0.29301180794129744,0.3304743217062876,0.20558947352068477
balance_low,validation_history,64,2236.7432671589777,1.1749868438427242,1.2199480715907596,0.2166474535492982,0.24650094018986837,0.3885134610305883
balance_low,validation_history,96,3361.474131221883,1.0320781157761258,1.0767938902356167,0.1974056156367817,0.23213775356219005,0.40232402790076277
balance_low,validation_history,128,4489.7637607741635,0.9441199046591247,0.9846045048434133,0.15721096873748217,0.18688890242436917,0.4528902766773858
balance_low,validation_history,160,5601.683482759865,0.8731279935112473,0.9128947236859752,0.16107191684441588,0.18208309987201204,0.451088222957543
balance_low,validation_history,192,6663.926665925654,0.7936755596949712,0.8306755684745477,0.13919418267877354,0.159476253155851,0.4604247254198319
balance_low,validation_history,224,7712.657402131008,0.7507962418295895,0.7859221894929562,0.11936464075018366,0.1405549063514763,0.48815460378120584
balance_low,validation_history,256,8798.68035241263,0.7339493819276148,0.7685044636563609,0.12059243006010735,0.14135060075768027,0.4323064734119402
balance_low,training_probe_history,0,0.0,2.442445645231926,2.5559402108192444,1.062101976205248,1.0485419929027557,0.0054925002737126385
balance_low,training_probe_history,32,1159.6604528950993,1.5050791514223931,1.5855591893196106,0.264514236336037,0.3137450944632292,0.20477354841064194
balance_low,training_probe_history,64,2236.7432671589777,1.1635586263959343,1.2281512022018433,0.15194622014874998,0.1844111392274499,0.37987664683770667
balance_low,training_probe_history,96,3361.474131221883,1.0198828709490528,1.0853012204170227,0.13486712835360684,0.1720899495703634,0.3966278602970694
balance_low,training_probe_history,128,4489.7637607741635,0.9355708248558448,0.9960727095603943,0.1342766870264981,0.16913027898408473,0.4516076055618408
balance_low,training_probe_history,160,5601.683482759865,0.8601674123435274,0.9186467528343201,0.11446686928422167,0.14087718445807695,0.4504945074997263
balance_low,training_probe_history,192,6663.926665925654,0.7798199227446077,0.8338719010353088,0.11674866064295865,0.14746130554703996,0.4601839348928871
balance_low,training_probe_history,224,7712.657402131008,0.7358246077925985,0.7870863080024719,0.11409008279777236,0.14474532545136753,0.4935768767563228
balance_low,training_probe_history,256,8798.68035241263,0.7195513222601364,0.7687435746192932,0.10373382896216463,0.12999401218257844,0.42868873398781066
