arm,learning_rate,population,update,cumulative_learning_seconds,expert_kl,family_kl,value_mse,value_family_mse,expert_top1
dense,0.001,validation,0,0,2.4566923484808765,2.5325911645175645,0.9847092971674939,0.9763774871826172,0.005825604697767628
dense,0.001,validation,32,1156.308283746941,1.4785723639624209,1.532714220942283,0.2734040742418931,0.3088509928004271,0.21587360768047723
dense,0.001,validation,64,2229.5985744162463,1.1339563817557599,1.1794682068078695,0.2295498959742705,0.25934931656130317,0.4217271752807941
dense,0.001,validation,96,3350.339268666925,1.1813563233540725,1.2295750468766609,0.24565322165317266,0.28090467876723024,0.3946342296997095
dense,0.001,validation,128,4474.514136696234,0.9853650190400178,1.0294348139341185,0.20845883616816513,0.24680796164233668,0.4012365816905128
dense,0.001,validation,160,5583.541599484859,0.9006074163831537,0.9401168823242188,0.18530398543640925,0.21050039775112048,0.46792810427055664
dense,0.001,validation,192,6643.477904500207,0.8322659126392318,0.869338963307491,0.14248598889920405,0.16207051054150068,0.45127464230787157
dense,0.001,validation,224,7688.901447654702,0.7647304510911357,0.8002874672818345,0.12382050546948142,0.14305312460174366,0.4838203538860667
dense,0.001,validation,256,8771.791782968212,0.7280013485061207,0.7631861628318317,0.12195566106432609,0.14215277964059186,0.48670985381615944
dense,0.001,train_probe,0,0,2.436326243225612,2.5512778759002686,1.0031954881322762,0.992886409163475,0.005036312543337834
dense,0.001,train_probe,32,1156.308283746941,1.4639780625022811,1.5457348823547363,0.28141301472053654,0.33376104664057493,0.21413452063793292
dense,0.001,train_probe,64,2229.5985744162463,1.1214098738412832,1.1866979002952576,0.1598498669250495,0.1970133122522384,0.4171198131455056
dense,0.001,train_probe,96,3350.339268666925,1.1659437754324657,1.2370995879173279,0.16580590964764522,0.2090311135398224,0.3841100689755848
dense,0.001,train_probe,128,4474.514136696234,0.9769707167393524,1.0402961373329163,0.19161113443733466,0.24295528756920248,0.38892741140834275
dense,0.001,train_probe,160,5583.541599484859,0.8878484561466733,0.9454230666160583,0.12574548221174797,0.1561693124822341,0.4714061530601073
dense,0.001,train_probe,192,6643.477904500207,0.8204088696580416,0.8740735054016113,0.1174155938651874,0.14537328539881855,0.44843253895843216
dense,0.001,train_probe,224,7688.901447654702,0.7491728033420313,0.8012481331825256,0.10852716317216322,0.13613225148583297,0.48916097952629467
dense,0.001,train_probe,256,8771.791782968212,0.7126139186297946,0.763751208782196,0.10192052389008256,0.12917578780616168,0.4851830225174264
g1,0.001,validation,0,0,2.436553672995215,2.512426330768477,1.1225302697813262,1.1127740884278214,0.006276118127728325
g1,0.001,validation,32,1372.7211573836394,1.458355558622089,1.5142537394120907,0.3029091360295992,0.340414426807943,0.30900560811545574
g1,0.001,validation,64,2644.1537999769207,1.1596718904135788,1.2053282964105891,0.20132852583270344,0.2310010399980475,0.366935421230057
g1,0.001,validation,96,3976.9062132644467,1.1399003645614876,1.188806764916572,0.17034282258535058,0.2000718426837001,0.41130322660825525
g1,0.001,validation,128,5313.25593473739,0.9503072429985941,0.9937986906687586,0.1503406064258597,0.17533575237172636,0.42483416445293687
g1,0.001,validation,160,6625.090119033586,0.8732012990370275,0.9113138949943864,0.14879346483878345,0.169070672711036,0.4658153516334996
g1,0.001,validation,192,7879.428603528533,0.819451053876163,0.8561096599331073,0.1437754004874719,0.16313985366380324,0.46556679249972815
g1,0.001,validation,224,9112.205834448338,0.7895280477379178,0.8248327239051774,0.13751507032093688,0.16099486253118206,0.4743285019651707
g1,0.001,validation,256,10393.52574383677,0.7290719550777913,0.7638352742638195,0.12076568259801156,0.14428043406351332,0.5057401624955337
g1,0.001,train_probe,0,0,2.4199670660970405,2.535743236541748,1.1335984615639028,1.1162014305591583,0.006970548520127002
g1,0.001,train_probe,32,1372.7211573836394,1.444131472733659,1.5299396514892578,0.3160765374221487,0.3740142062306404,0.3088025984453122
g1,0.001,train_probe,64,2644.1537999769207,1.1474239078865738,1.2120484709739685,0.14567168772357653,0.181083302362822,0.3676508156636619
g1,0.001,train_probe,96,3976.9062132644467,1.1239046504917702,1.1974368691444397,0.11917618656544776,0.15009260777151212,0.41387175650523705
g1,0.001,train_probe,128,5313.25593473739,0.9389300772553919,1.0028818249702454,0.14065300010903065,0.17646084690932184,0.4157694974635962
g1,0.001,train_probe,160,6625.090119033586,0.8620164695175356,0.918450653553009,0.11449204818649295,0.1421817938098684,0.4639064267727455
g1,0.001,train_probe,192,7879.428603528533,0.8132236990666399,0.8649471402168274,0.11138216976980055,0.13815134100150317,0.4639976643188205
g1,0.001,train_probe,224,9112.205834448338,0.777639487952082,0.8301160931587219,0.09592031699054228,0.12024789029965177,0.4723915185577169
g1,0.001,train_probe,256,10393.52574383677,0.7133835928661361,0.764268159866333,0.10671909203220817,0.13435925066005439,0.5097806649392358
g2,0.001,validation,0,0,2.438735013025081,2.5146333536857375,1.0316077778437205,1.0263361667926794,0.006897515962156872
g2,0.001,validation,32,1323.4225421226583,1.430016479786123,1.4860501518243003,0.28184791146913496,0.3179587108850971,0.3511519162355719
g2,0.001,validation,64,2548.671328340424,1.150096780892211,1.1961612546212166,0.20737365029538243,0.23788098388294318,0.41778129903217287
g2,0.001,validation,96,3831.683899744414,1.0590216740409115,1.105772951271771,0.20887193091494846,0.24071861394895352,0.4420158145748862
g2,0.001,validation,128,5117.292852639919,0.9631959837795745,1.0080777640819187,0.1685430088467819,0.20168986021293445,0.42377778813440836
g2,0.001,validation,160,6384.046632990707,0.8695711280846576,0.9094252825182272,0.16035132176949662,0.18633366205348564,0.46163645119696756
g2,0.001,validation,192,7593.121950994711,0.7918492933056034,0.8287084692519247,0.13548619038510037,0.15972177536619486,0.46693386773547096
g2,0.001,validation,224,8784.409719938412,0.7781346365211044,0.8135964943295888,0.1355412274275454,0.1596298764977909,0.4684718273756816
g2,0.001,validation,256,10023.6025360676,0.7300626112933233,0.765124641922871,0.14642261982119673,0.17276506294564242,0.5122493048111727
g2,0.001,train_probe,0,0,2.4196081746560347,2.5345089435577393,1.0196034916038648,1.0110957473516464,0.006605598335827159
g2,0.001,train_probe,32,1323.4225421226583,1.4174094923542935,1.501883327960968,0.27383265480160396,0.32461388781666756,0.35181197766504874
g2,0.001,train_probe,64,2548.671328340424,1.134848451584796,1.2021915912628174,0.16896986377521578,0.20451578684151173,0.4179409510601803
g2,0.001,train_probe,96,3831.683899744414,1.045749998289296,1.1146878600120544,0.13990740937728272,0.17751946818316355,0.43841465639940147
g2,0.001,train_probe,128,5117.292852639919,0.9523517617970145,1.0179040431976318,0.13583760379696452,0.171979759412352,0.41542279478851135
g2,0.001,train_probe,160,6384.046632990707,0.8550127761076238,0.9107720255851746,0.1288138286879731,0.1572524190414697,0.46054888507718694
g2,0.001,train_probe,192,7593.121950994711,0.7795085746186268,0.832954466342926,0.11999648849675526,0.15109609594219364,0.46421663442940037
g2,0.001,train_probe,224,8784.409719938412,0.7645310047990947,0.816518247127533,0.10539838194973272,0.13240995261003263,0.47171636071676215
g2,0.001,train_probe,256,10023.6025360676,0.7155327360315318,0.7654930353164673,0.10850063507880857,0.13800539674411993,0.5193971022955367
g4,0.001,validation,0,0,2.4493465340322116,2.5251720386275203,1.192351621241514,1.1783001156463089,0.0056236504015783504
g4,0.001,validation,32,1254.7655590903014,1.4380904644803172,1.494852371023108,0.35206659401197016,0.3939784458675716,0.26008606360006836
g4,0.001,validation,64,2423.665069693001,1.1348033700637714,1.182025245328822,0.23532436437399842,0.2721537212900081,0.3908903077472775
g4,0.001,validation,96,3646.2401482681744,1.089930876166092,1.138728276223834,0.19595456597811356,0.22794273544567478,0.43333177983874727
g4,0.001,validation,128,4867.40023522987,0.9278288135136554,0.9705629936456615,0.17830978614954215,0.21909745229704913,0.4167870624970872
g4,0.001,validation,160,6071.5111319459975,0.8669190063751535,0.9058712562785343,0.18698927538033916,0.21167145807889584,0.450327010610368
g4,0.001,validation,192,7222.081625654129,0.8125248650158845,0.8496166560164382,0.13356984579643327,0.14996630042632356,0.4943685821254913
g4,0.001,validation,224,8354.249844622798,0.7710974880963479,0.8076221854330283,0.12704944117246916,0.14570521072665577,0.4870826925168166
g4,0.001,validation,256,9527.267923635896,0.7376361704756413,0.7729420723825302,0.1410965611114599,0.16339401365650008,0.4847213807459881
g4,0.001,train_probe,0,0,2.4306933226661434,2.545860230922699,1.200341363853053,1.1748721897602081,0.005583737819787599
g4,0.001,train_probe,32,1254.7655590903014,1.4248471343427243,1.510390818119049,0.34382170700886827,0.40152376145124435,0.26134082697711764
g4,0.001,train_probe,64,2423.665069693001,1.119124943546768,1.186384379863739,0.15167401495704136,0.1903599025681615,0.38713915550527356
g4,0.001,train_probe,96,3646.2401482681744,1.076333679085617,1.1509546041488647,0.13425494254903592,0.1692610498284921,0.4285610014233057
g4,0.001,train_probe,128,4867.40023522987,0.9142459730028101,0.9761062264442444,0.16402625376314783,0.20532506774179637,0.4113900952519981
g4,0.001,train_probe,160,6071.5111319459975,0.8506991647202655,0.906779944896698,0.10833858471752748,0.1369504805188626,0.4476296485529725
g4,0.001,train_probe,192,7222.081625654129,0.7988102338874494,0.8528805375099182,0.10748133560692427,0.13500695541733876,0.4982299916061458
g4,0.001,train_probe,224,8354.249844622798,0.7529982938578885,0.8055459856987,0.10152935521462804,0.12589822566951625,0.49005510747782927
g4,0.001,train_probe,256,9527.267923635896,0.7216822179163169,0.7720046639442444,0.09384152485608123,0.11853382152912673,0.4897448998211744
g8,0.001,validation,0,0,2.4369306078241753,2.513789397339731,1.0293219524077224,1.0195383893286984,0.008699569681999659
g8,0.001,validation,32,1215.0269279584754,1.4454566382037335,1.5027692950142413,0.33233592846196874,0.37280664154874527,0.36034860418511444
g8,0.001,validation,64,2341.210699016927,1.172472518923506,1.218097437409674,0.24471968242671754,0.27747621184334514,0.4046231998881484
g8,0.001,validation,96,3525.7878310973756,1.0889216660064314,1.136402569512574,0.19762160699487638,0.2245873230303249,0.4349629491541222
g8,0.001,validation,128,4706.789306602441,0.9345723453933061,0.9780999400586503,0.17303847303608436,0.2090577678301916,0.3990616892700129
g8,0.001,validation,160,5869.274274650728,0.8405708431154948,0.8788595539682147,0.16197604163841098,0.1864740483747982,0.47021174131208154
g8,0.001,validation,192,6984.174052352086,0.7955779685582405,0.831984502675783,0.1481942706924341,0.16903366038119017,0.47981233785400257
g8,0.001,validation,224,8078.722743303282,0.7315425424492394,0.7670207021412141,0.1259132365905152,0.1445565918444529,0.4960463562784484
g8,0.001,validation,256,9216.049962633057,0.7069774693524646,0.7420455291378834,0.11615734490279937,0.1381137376964337,0.4946792810427056
g8,0.001,train_probe,0,0,2.4206700228778146,2.5369999408721924,1.0340305354959674,1.0201418697834015,0.007025291047771979
g8,0.001,train_probe,32,1215.0269279584754,1.432500966547754,1.518679916858673,0.31534575831302347,0.37623980548232794,0.36197584029779933
g8,0.001,train_probe,64,2341.210699016927,1.1609366874156049,1.2244016528129578,0.18031366443700161,0.2123087807558477,0.40033210466771285
g8,0.001,train_probe,96,3525.7878310973756,1.0744172629420459,1.1466107964515686,0.14640337620106567,0.18219912913627923,0.43523958979599287
g8,0.001,train_probe,128,4706.789306602441,0.9238221375360389,0.987983763217926,0.13807298287802042,0.17541624087607488,0.395368782161235
g8,0.001,train_probe,160,5869.274274650728,0.8285184619174482,0.8838027119636536,0.11415411833363603,0.14023052086122334,0.47381482427648625
g8,0.001,train_probe,192,6984.174052352086,0.7796458586137365,0.8325725197792053,0.10216385519185651,0.12802599964197725,0.48288383635633736
g8,0.001,train_probe,224,8078.722743303282,0.716872644930842,0.7681604027748108,0.10052350014562368,0.12512250684085302,0.4945074997262874
g8,0.001,train_probe,256,9216.049962633057,0.6896458643160832,0.7390605807304382,0.08190225050452069,0.10264486668165773,0.4985949417904456
g8_lr0006,0.0006,validation,0,0,2.4369306078241753,2.513789397339731,1.0293219524077224,1.0195383893286984,0.008699569681999659
g8_lr0006,0.0006,validation,32,1219.2469173781574,1.5049521280933957,1.5647886164037406,0.27343547066236096,0.30776909091091037,0.35096549688524337
g8_lr0006,0.0006,validation,64,2347.090539295925,1.2323125993993802,1.2787141179880912,0.2404586387357291,0.27395445685543063,0.39725963555017013
g8_lr0006,0.0006,validation,96,3528.9922047844157,1.0693041394076914,1.1148178967999063,0.19259204394265,0.22154148943191984,0.42912180951049383
g8_lr0006,0.0006,validation,128,4709.35778677091,1.0011507541488016,1.047149540814905,0.1737934337800328,0.211107719003162,0.4480433735688431
g8_lr0006,0.0006,validation,160,5874.382145422511,0.8671344627238975,0.9060174733633248,0.16465333320297784,0.18993520378745068,0.46749312578645663
g8_lr0006,0.0006,validation,192,6984.778293224284,0.8230193277786193,0.8605850653021019,0.14409893672530835,0.16974603486329798,0.4853272436345559
g8_lr0006,0.0006,validation,224,8091.94134133053,0.7752095457873112,0.8117229719652062,0.1386138190481788,0.16169695016911953,0.49421323266688416
g8_lr0006,0.0006,validation,256,9232.897843329236,0.7463527770172127,0.782109477476399,0.12475849647982432,0.15228401082740417,0.49385592891208774
g8_lr0006,0.0006,train_probe,0,0,2.4206700228778146,2.5369999408721924,1.0340305354959674,1.0201418697834015,0.007025291047771979
g8_lr0006,0.0006,train_probe,32,1219.2469173781574,1.4910696262225827,1.5805948376655579,0.26870264835955604,0.32223737332969904,0.3509178497135141
g8_lr0006,0.0006,train_probe,64,2347.090539295925,1.2214945394328671,1.287350833415985,0.18154065016695045,0.2202131268568337,0.39642713769570453
g8_lr0006,0.0006,train_probe,96,3528.9922047844157,1.057644594403489,1.1253833174705505,0.1352125897137276,0.1706406587618403,0.42381664902740773
g8_lr0006,0.0006,train_probe,128,4709.35778677091,0.9851132400505453,1.054129421710968,0.13270079590561557,0.16983174390043132,0.4493814094376118
g8_lr0006,0.0006,train_probe,160,5874.382145422511,0.8563076364685593,0.9128699898719788,0.11485857504318459,0.14139051479287446,0.4689427393160834
g8_lr0006,0.0006,train_probe,192,6984.778293224284,0.8073172084276119,0.8618863224983215,0.10829751351720107,0.13658348534954712,0.4904018101529141
g8_lr0006,0.0006,train_probe,224,8091.94134133053,0.7623463645259294,0.815835177898407,0.10236126546211335,0.1289825279964134,0.4981934965877158
g8_lr0006,0.0006,train_probe,256,9232.897843329236,0.7308766816220209,0.7827366590499878,0.09141895785905475,0.11565650772536173,0.5001642275829349
g8_lr0015,0.0015,validation,0,0,2.4369306078241753,2.513789397339731,1.0293219524077224,1.0195383893286984,0.008699569681999659
g8_lr0015,0.0015,validation,32,1215.6736946085002,1.3727642573179306,1.4266739095743146,0.28764426156167106,0.312830639529966,0.2962669525096705
g8_lr0015,0.0015,validation,64,2341.106106001651,1.2065298838956986,1.2513538120379568,0.23333439472361633,0.26365648384929213,0.4012521166363735
g8_lr0015,0.0015,validation,96,3518.2847148654982,1.0177052566858524,1.0627082894421491,0.23419984559511617,0.27787518799629096,0.395690606018238
g8_lr0015,0.0015,validation,128,4698.968694006093,0.8765574238350733,0.9172109887102216,0.17845956168540902,0.21211786067393704,0.461015053362539
g8_lr0015,0.0015,validation,160,5863.782780648675,0.8445715771416866,0.8839872595860063,0.1771685664623518,0.20140438726769808,0.46365599415886033
g8_lr0015,0.0015,validation,192,6977.6238627890125,0.7563070514818397,0.7926212130096171,0.13862585400292773,0.16356619351813656,0.48771962529710583
g8_lr0015,0.0015,validation,224,8072.328389811097,0.7195599107614452,0.7532742720458065,0.12000608806447435,0.14045094344103815,0.4848611952587345
g8_lr0015,0.0015,validation,256,9211.561080940533,0.6862368298855461,0.719835583435946,0.12331060130514936,0.1444857006480327,0.5195817992574295
g8_lr0015,0.0015,train_probe,0,0,2.4206700228778146,2.5369999408721924,1.0340305354959674,1.0201418697834015,0.007025291047771979
g8_lr0015,0.0015,train_probe,32,1215.6736946085002,1.358328262996788,1.4391623735427856,0.3029065413186334,0.33912499248981476,0.2939126309258786
g8_lr0015,0.0015,train_probe,64,2341.106106001651,1.193656467259406,1.259323239326477,0.1800341492155852,0.21305555291473866,0.3956972373271048
g8_lr0015,0.0015,train_probe,96,3518.2847148654982,1.0039526528456988,1.0696415305137634,0.22413180569724303,0.27708256035111845,0.39033246961789714
g8_lr0015,0.0015,train_probe,128,4698.968694006093,0.8619102633115578,0.9209946990013123,0.16885668068688078,0.2127051338320598,0.4624283785263312
g8_lr0015,0.0015,train_probe,160,5863.782780648675,0.8310706897102293,0.8887004256248474,0.1396865724999558,0.1696388889104128,0.46199043830517134
g8_lr0015,0.0015,train_probe,192,6977.6238627890125,0.7389957540326995,0.790959894657135,0.10616425878657663,0.1327632322208956,0.4904930476989891
g8_lr0015,0.0015,train_probe,224,8072.328389811097,0.7074472361866353,0.7572630047798157,0.11388436747590955,0.14321004532394,0.4846720922594066
g8_lr0015,0.0015,train_probe,256,9211.561080940533,0.6746526130433197,0.7220953106880188,0.11519681427201313,0.1433054010849446,0.5214955658552608
g8_lr00225,0.00225,validation,0,0,2.4369306078241753,2.513789397339731,1.0293219524077224,1.0195383893286984,0.008699569681999659
g8_lr00225,0.00225,validation,32,1217.4277921635658,1.395087307002571,1.4448609197076685,0.30270145236876367,0.3307416189350515,0.21716300818691647
g8_lr00225,0.00225,validation,64,2345.4527239352465,1.2115365208372175,1.2546358399860118,0.22350795027782672,0.25186277528214257,0.37085022758695685
g8_lr00225,0.00225,validation,96,3525.3299441074487,1.0868396798441844,1.1352977475627228,0.27246240053841936,0.30235477828843543,0.41548212704478726
g8_lr00225,0.00225,validation,128,4706.3341317677405,0.9115549564487502,0.9535937023345311,0.20549630177263442,0.23445134199296416,0.4457908064190396
g8_lr00225,0.00225,validation,160,5878.5001432669815,0.8623786302012939,0.9022764101835961,0.17340054419946968,0.20441689543320993,0.44729769616752885
g8_lr00225,0.00225,validation,192,6988.089465599507,0.7948701424166162,0.8310604117379166,0.14618909938070485,0.1677043229679922,0.47731121157042766
g8_lr00225,0.00225,validation,224,8082.913564444985,0.7081582162629525,0.7417826913096279,0.11654513202724186,0.13426634013591052,0.5037827593170838
g8_lr00225,0.00225,validation,256,9218.716870418983,0.6855619093079572,0.7190639636102798,0.13434149574461954,0.1544836151585791,0.5149057805533548
g8_lr00225,0.00225,train_probe,0,0,2.4206700228778146,2.5369999408721924,1.0340305354959674,1.0201418697834015,0.007025291047771979
g8_lr00225,0.00225,train_probe,32,1217.4277921635658,1.3835088278028174,1.4564616680145264,0.2763868873256222,0.31318541429936886,0.2167439144556768
g8_lr00225,0.00225,train_probe,64,2345.4527239352465,1.203663444080508,1.2666757106781006,0.17455923433290954,0.21014165505766869,0.37263238567935475
g8_lr00225,0.00225,train_probe,96,3525.3299441074487,1.0706459447191707,1.1431142091751099,0.19952635178448166,0.2409653551876545,0.4085799788328893
g8_lr00225,0.00225,train_probe,128,4706.3341317677405,0.8970605258475968,0.9580837488174438,0.15458762270269383,0.1928328049252741,0.4423196233714098
g8_lr00225,0.00225,train_probe,160,5878.5001432669815,0.8493108571539358,0.9081007838249207,0.11604820121435748,0.143992519704625,0.44525747235502355
g8_lr00225,0.00225,train_probe,192,6988.089465599507,0.7737512003439653,0.8251948952674866,0.11969454477035296,0.14999964274466038,0.4756943177256305
g8_lr00225,0.00225,train_probe,224,8082.913564444985,0.6950545400943393,0.744111180305481,0.12604813676503257,0.15600081987213343,0.5049633225064779
g8_lr00225,0.00225,train_probe,256,9218.716870418983,0.6692253333591838,0.716018795967102,0.08776574931672522,0.10842503275489435,0.5193241122586767
