label,peak_lr,global_games,split,actual_update,canonical_update,position_exposures,learning_seconds,expert_kl,family_kl,value_mse,value_family_mse,expert_top1
control,0.001,128,validation,0,0.0,0,0,2.4566923484808765,2.5325911645175645,0.9847092971674939,0.9763774871826172,0.005825604697767628
control,0.001,128,validation,16,16.0,929623.0,1120.2641884820187,1.6275309825076505,1.6900267568575278,0.3028451529884199,0.3336543185370309,0.2784483696074319
control,0.001,128,validation,32,32.0,1791188.0,2167.3052757391124,1.4226051879679904,1.4698563400579956,0.3034476152371361,0.3411042264529637,0.3021391620450203
control,0.001,128,validation,48,48.0,2692838.0,3262.8851718111546,1.342085166578312,1.390078577054601,0.21841792678364844,0.24941145035685325,0.3522238274999612
control,0.001,128,validation,64,64.0,3596975.0,4353.768726753129,1.1334307422985503,1.1807245007988545,0.16956716954881254,0.20218473921219507,0.4194746081309907
control,0.001,128,validation,80,80.0,4475734.0,5425.801688802079,1.0492717053535365,1.0934881093550701,0.17329134883840022,0.19744198875767843,0.42741296546581536
control,0.001,128,validation,96,96.0,5316492.0,6447.984873940062,0.9887864998407667,1.0302566995426097,0.1619096546108205,0.19019086532244067,0.37346009849155676
control,0.001,128,validation,112,112.0,6142663.0,7457.136780518282,0.8856872235265101,0.9247840050937364,0.15384978499578986,0.1792926494615013,0.42674496279380464
control,0.001,128,validation,128,128.0,7001181.0,8502.547077626281,0.8422290013651335,0.879754643861939,0.12961951816393677,0.15473884853477382,0.48079103944322754
control,0.001,128,validation,144,144.0,7861918.0,9561.013965723338,0.8139720878287582,0.8505058548077433,0.11524810479302157,0.1355589990865211,0.4730391014587314
control,0.001,128,validation,160,160.0,8764984.0,10656.102980186464,0.8176119074389088,0.8536798386346724,0.14027412198721798,0.16226906007548578,0.4495347283714716
control,0.001,128,validation,176,176.0,9647265.0,11730.462089785608,0.7666167788581038,0.803835278465634,0.13830171149424916,0.16184170435176415,0.48478352052943097
control,0.001,128,validation,192,192.0,10546628.0,12825.81185892265,0.739775638971742,0.7758353097098212,0.13661083596795454,0.16237254371093648,0.5033167109412624
control,0.001,128,validation,208,208.0,11412978.0,13888.956233807723,0.7294905945612156,0.7643167275149807,0.12454989979779767,0.1484437906468401,0.506050861412748
control,0.001,128,validation,224,224.0,12257554.0,14926.67246636172,0.7093269782054419,0.7449107137667079,0.13696587800746274,0.16112310099763935,0.5177331407000046
control,0.001,128,validation,240,240.0,13217516.0,16088.112552998704,0.7061275682421044,0.7406273926196456,0.12110630710443757,0.1434211896821147,0.5022758695685946
control,0.001,128,validation,256,256.0,14083260.0,17139.15610632469,0.6768029761072532,0.710345443414182,0.11153313552525294,0.1344114672297574,0.5193643100153796
control,0.001,128,training_probe,0,0.0,0,0,2.436326243225612,2.5512778759002686,1.0031954881322762,0.992886409163475,0.005036312543337834
control,0.001,128,training_probe,16,16.0,929623.0,1120.2641884820187,1.6141725267782197,1.707633137702942,0.29265177971663897,0.33680385164916515,0.27661399219006605
control,0.001,128,training_probe,32,32.0,1791188.0,2167.3052757391124,1.4109304861136454,1.4807817339897156,0.24743604675696143,0.2871973952278495,0.3014123572132404
control,0.001,128,training_probe,48,48.0,2692838.0,3262.8851718111546,1.3331083519990146,1.403630554676056,0.16518733604194205,0.20008852682076395,0.34757855552717054
control,0.001,128,training_probe,64,64.0,3596975.0,4353.768726753129,1.1204206592596981,1.1912093758583069,0.14730899613519893,0.18315712735056877,0.41710156563629064
control,0.001,128,training_probe,80,80.0,4475734.0,5425.801688802079,1.0388190810782452,1.1022727489471436,0.12134986624900958,0.1520314288791269,0.4271194481953213
control,0.001,128,training_probe,96,96.0,5316492.0,6447.984873940062,0.9778266389684682,1.0385646224021912,0.0987792967497043,0.12406522454693913,0.36619101492646255
control,0.001,128,training_probe,112,112.0,6142663.0,7457.136780518282,0.8758256285126453,0.9315392971038818,0.09393171329427986,0.11770895664812997,0.42379840151819276
control,0.001,128,training_probe,128,128.0,7001181.0,8502.547077626281,0.8297498123927958,0.8849747776985168,0.11066728676980805,0.14229018296464346,0.48476332980548154
control,0.001,128,training_probe,144,144.0,7861918.0,9561.013965723338,0.8077217899209881,0.8606876730918884,0.11523034446348496,0.14213502543861978,0.4746542097003759
control,0.001,128,training_probe,160,160.0,8764984.0,10656.102980186464,0.8089899205320972,0.8600634932518005,0.11468611163451921,0.14106290286872536,0.45071347761030617
control,0.001,128,training_probe,176,176.0,9647265.0,11730.462089785608,0.7510203636500492,0.8032917380332947,0.0809683707338072,0.10385135126125533,0.48197146089558773
control,0.001,128,training_probe,192,192.0,10546628.0,12825.81185892265,0.7238012812032406,0.775597870349884,0.07143599917160273,0.08974271197803319,0.5050728075617679
control,0.001,128,training_probe,208,208.0,11412978.0,13888.956233807723,0.7145724608590927,0.7647387385368347,0.0855009438786984,0.10798647231422365,0.5096164373563009
control,0.001,128,training_probe,224,224.0,12257554.0,14926.67246636172,0.6905127635624613,0.7404412627220154,0.08263634297148267,0.1032233179139439,0.5204737053392212
control,0.001,128,training_probe,240,240.0,13217516.0,16088.112552998704,0.6900367601775481,0.740000307559967,0.07250548301789496,0.09059917202102952,0.507007043538557
control,0.001,128,training_probe,256,256.0,14083260.0,17139.15610632469,0.6599218122741872,0.7086021304130554,0.07195569937178951,0.09014967866824009,0.5257472355023539
lr06,0.0006,128,validation,0,0.0,0,0,2.4566923484808765,2.5325911645175645,0.9847092971674939,0.9763774871826172,0.005825604697767628
lr06,0.0006,128,validation,16,16.0,929623.0,1120.9478286164813,1.839370055518013,1.9065038719955756,0.40562613358454436,0.44655036115321983,0.10358701899923879
lr06,0.0006,128,validation,32,32.0,1791188.0,2167.783897831803,1.3810588867900533,1.4340791767146315,0.3354305884775547,0.37475999764033724,0.27748520296406765
lr06,0.0006,128,validation,48,48.0,2692838.0,3263.4310930098873,1.1904262740597469,1.239834610296755,0.20975547719769572,0.2383582636612613,0.3394541020024545
lr06,0.0006,128,validation,64,64.0,3596975.0,4354.515209930949,1.1106766282079663,1.158708092306747,0.1957437644714696,0.22660906663557298,0.4266672880645011
lr06,0.0006,128,validation,80,80.0,4475734.0,5426.900243483717,1.0215651445817993,1.064789882322558,0.17408616022318377,0.2025176534543232,0.4312500970934116
lr06,0.0006,128,validation,96,96.0,5316492.0,6449.888579338556,0.9748617116743175,1.0151223033463874,0.16880044662902977,0.19886453525752437,0.43779030930077206
lr06,0.0006,128,validation,112,112.0,6142663.0,7460.226736033335,0.9006228299622498,0.9397499188273941,0.1541769622069319,0.1757288613692433,0.44972114772180016
lr06,0.0006,128,validation,128,128.0,7001181.0,8506.126192422584,0.8750016687930122,0.9137907222825654,0.15370009238103885,0.17863402399076087,0.44395768280747544
lr06,0.0006,128,training_probe,0,0.0,0,0,2.436326243225612,2.5512778759002686,1.0031954881322762,0.992886409163475,0.005036312543337834
lr06,0.0006,128,training_probe,16,16.0,929623.0,1120.9478286164813,1.8290920467090612,1.9304293990135193,0.3918107896167681,0.44482304342091084,0.10131017116163643
lr06,0.0006,128,training_probe,32,32.0,1791188.0,2167.783897831803,1.365251909715886,1.4438939690589905,0.257420994922987,0.2985587203875184,0.28009926645012956
lr06,0.0006,128,training_probe,48,48.0,2692838.0,3263.4310930098873,1.1781396692867045,1.2509787678718567,0.13640636971586703,0.1692131645977497,0.3383270683551695
lr06,0.0006,128,training_probe,64,64.0,3596975.0,4354.515209930949,1.0991715060581728,1.1694853901863098,0.1661921148556679,0.20260447217151523,0.425641399948907
lr06,0.0006,128,training_probe,80,80.0,4475734.0,5426.900243483717,1.0123642556384804,1.076152741909027,0.13151827356570925,0.16546953469514847,0.4290354366628955
lr06,0.0006,128,training_probe,96,96.0,5316492.0,6449.888579338556,0.9665141811658331,1.023824155330658,0.1041522865717239,0.13486735569313169,0.4382139337980366
lr06,0.0006,128,training_probe,112,112.0,6142663.0,7460.226736033335,0.890231894479216,0.9468918442726135,0.11038168999083847,0.13692057697335258,0.448779241633517
lr06,0.0006,128,training_probe,128,128.0,7001181.0,8506.126192422584,0.8608894719855114,0.9174442291259766,0.12385923508061862,0.15569307911209762,0.444199116820554
lr15,0.0015,128,validation,0,0.0,0,0,2.4566923484808765,2.5325911645175645,0.9847092971674939,0.9763774871826172,0.005825604697767628
lr15,0.0015,128,validation,16,16.0,929623.0,1120.8261643468868,1.611765985944758,1.6706288525847346,0.7165585334307181,0.7455415271577381,0.1790402510447251
lr15,0.0015,128,validation,32,32.0,1791188.0,2168.782408049796,1.2909824463607444,1.3425192021999224,0.22664824467096742,0.26474222439486966,0.32303366422768015
lr15,0.0015,128,validation,48,48.0,2692838.0,3264.856707392959,1.2126041539231567,1.257670902070545,0.259686645222411,0.3038815617257235,0.4138509577294123
lr15,0.0015,128,validation,64,64.0,3596975.0,4356.207163727609,1.1246120511371576,1.1693151824328365,0.1848951888094412,0.21478016000418437,0.3615758649081108
lr15,0.0015,128,validation,80,80.0,4475734.0,5427.929900770774,1.0723927870275434,1.1158892702894145,0.1661769714464509,0.18962996681125796,0.3138680461698591
lr15,0.0015,128,validation,96,96.0,5316492.0,6449.336478915997,0.9572577507243167,0.9979837119173842,0.17017293364910083,0.1955921276390147,0.4436159139985397
lr15,0.0015,128,validation,112,112.0,6142663.0,7458.270185118541,0.8856580651613304,0.9241280847666213,0.1412488342663005,0.1638232821117149,0.4730857062963136
lr15,0.0015,128,validation,128,128.0,7001181.0,8504.473998054862,0.8418159902654145,0.8795647394089472,0.12823576912443857,0.1518557462524496,0.47595967128054556
lr15,0.0015,128,training_probe,0,0.0,0,0,2.436326243225612,2.5512778759002686,1.0031954881322762,0.992886409163475,0.005036312543337834
lr15,0.0015,128,training_probe,16,16.0,929623.0,1120.8261643468868,1.599677803159556,1.6869283318519592,0.7129235560517865,0.7524605691432953,0.17866136272398817
lr15,0.0015,128,training_probe,32,32.0,1791188.0,2168.782408049796,1.2793169757718696,1.3557607531547546,0.17619513567379497,0.21339569240808487,0.32451370387942047
lr15,0.0015,128,training_probe,48,48.0,2692838.0,3264.856707392959,1.1966979563930145,1.262930691242218,0.1984043534117621,0.24632140179164708,0.4126491733878326
lr15,0.0015,128,training_probe,64,64.0,3596975.0,4356.207163727609,1.1122040767216528,1.1790342330932617,0.1449143042995444,0.17972171708242968,0.35772417065070616
lr15,0.0015,128,training_probe,80,80.0,4475734.0,5427.929900770774,1.062504918273968,1.1257534623146057,0.13929224186563818,0.169375604018569,0.31502499908762455
lr15,0.0015,128,training_probe,96,96.0,5316492.0,6449.336478915997,0.9489526642503923,1.007040798664093,0.10347089916766766,0.13052976498147473,0.4454216999379585
lr15,0.0015,128,training_probe,112,112.0,6142663.0,7458.270185118541,0.8731196511988615,0.9295969605445862,0.09654485933546002,0.1224742678750772,0.4756578227072005
lr15,0.0015,128,training_probe,128,128.0,7001181.0,8504.473998054862,0.8291757286458523,0.8839760422706604,0.10706290032436307,0.13591154728783295,0.4788328893106091
lr-extra-001,0.00122,128,validation,0,0.0,0,0,2.4566923484808765,2.5325911645175645,0.9847092971674939,0.9763774871826172,0.005825604697767628
lr-extra-001,0.00122,128,validation,16,16.0,929623.0,1120.7004163709935,1.6384978047179626,1.6978670237015705,0.2754690582715819,0.3076891161146618,0.23084929549020522
lr-extra-001,0.00122,128,validation,32,32.0,1791188.0,2168.5132089762483,1.4090168891562191,1.4621930803571428,0.2604263011017796,0.298608389841456,0.3583135262773609
lr-extra-001,0.00122,128,validation,48,48.0,2692838.0,3265.441960048629,1.1826421435409582,1.2292343970058721,0.22217225309160593,0.250323704108089,0.3668422115548927
lr-extra-001,0.00122,128,validation,64,64.0,3596975.0,4357.536839623004,1.0926870395344954,1.1391875597895407,0.1847625329209245,0.21195507972013383,0.42433704618539403
lr-extra-001,0.00122,128,validation,80,80.0,4475734.0,5430.982892124914,1.030842420062994,1.0738884283571828,0.18140269304354834,0.20853277672158213,0.40788553851889825
lr-extra-001,0.00122,128,validation,96,96.0,5316492.0,6454.215223995037,0.9723325344972888,1.013086954752604,0.17563433849458396,0.19794078708505955,0.44975221761352163
lr-extra-001,0.00122,128,validation,112,112.0,6142663.0,7464.417658339255,0.8728574214805578,0.9106437786906754,0.15642314108256122,0.17632360164658958,0.47706265243665624
lr-extra-001,0.00122,128,validation,128,128.0,7001181.0,8510.551818809472,0.8562477729198705,0.893511778643342,0.14258914952309917,0.16703170674796008,0.41506268350654796
lr-extra-001,0.00122,128,training_probe,0,0.0,0,0,2.436326243225612,2.5512778759002686,1.0031954881322762,0.992886409163475,0.005036312543337834
lr-extra-001,0.00122,128,training_probe,16,16.0,929623.0,1120.7004163709935,1.6255291064879018,1.7139025330543518,0.24159895879961896,0.28442208096385,0.23041129885770592
lr-extra-001,0.00122,128,training_probe,32,32.0,1791188.0,2168.5132089762483,1.3915896232117437,1.4689815044403076,0.19902624011426934,0.23436969704926014,0.3655158570855078
lr-extra-001,0.00122,128,training_probe,48,48.0,2692838.0,3265.441960048629,1.1695028950813842,1.2392245531082153,0.1678223927862161,0.20540086086839437,0.3634356410349987
lr-extra-001,0.00122,128,training_probe,64,64.0,3596975.0,4357.536839623004,1.0814488978504433,1.1508944034576416,0.16262178374730707,0.20273547107353806,0.42346994635232293
lr-extra-001,0.00122,128,training_probe,80,80.0,4475734.0,5430.982892124914,1.019030227569249,1.0822306275367737,0.12809476973884215,0.16392294369870797,0.40168242034962226
lr-extra-001,0.00122,128,training_probe,96,96.0,5316492.0,6454.215223995037,0.9625804173433452,1.0223324298858643,0.11539721040846479,0.1476177405565977,0.4505492500273713
lr-extra-001,0.00122,128,training_probe,112,112.0,6142663.0,7464.417658339255,0.8567448638963904,0.9118544459342957,0.11061202699714089,0.1394066698703682,0.4796540272252838
lr-extra-001,0.00122,128,training_probe,128,128.0,7001181.0,8510.551818809472,0.8438919171517463,0.8987377285957336,0.13331550171999926,0.16707687996677123,0.4074486332615598
batch64,0.001,64,validation,0,0.0,0,0,2.4566923484808765,2.5325911645175645,0.9847092971674939,0.9763774871826172,0.005825604697767628
batch64,0.001,64,validation,32,16.0,929623.0,1156.308283746941,1.4785723639624209,1.532714220942283,0.2734040742418931,0.3088509928004271,0.21587360768047723
batch64,0.001,64,validation,64,32.0,1791188.0,2229.5985744162463,1.1339563817557599,1.1794682068078695,0.2295498959742705,0.25934931656130317,0.4217271752807941
batch64,0.001,64,validation,96,48.0,2692838.0,3350.339268666925,1.1813563233540725,1.2295750468766609,0.24565322165317266,0.28090467876723024,0.3946342296997095
batch64,0.001,64,validation,128,64.0,3596975.0,4474.514136696234,0.9853650190400178,1.0294348139341185,0.20845883616816513,0.24680796164233668,0.4012365816905128
batch64,0.001,64,validation,160,80.0,4475734.0,5583.541599484859,0.9006074163831537,0.9401168823242188,0.18530398543640925,0.21050039775112048,0.46792810427055664
batch64,0.001,64,validation,192,96.0,5316492.0,6643.477904500207,0.8322659126392318,0.869338963307491,0.14248598889920405,0.16207051054150068,0.45127464230787157
batch64,0.001,64,validation,224,112.0,6142663.0,7688.901447654702,0.7647304510911357,0.8002874672818345,0.12382050546948142,0.14305312460174366,0.4838203538860667
batch64,0.001,64,validation,256,128.0,7001181.0,8771.791782968212,0.7280013485061207,0.7631861628318317,0.12195566106432609,0.14215277964059186,0.48670985381615944
batch64,0.001,64,training_probe,0,0.0,0,0,2.436326243225612,2.5512778759002686,1.0031954881322762,0.992886409163475,0.005036312543337834
batch64,0.001,64,training_probe,32,16.0,929623.0,1156.308283746941,1.4639780625022811,1.5457348823547363,0.28141301472053654,0.33376104664057493,0.21413452063793292
batch64,0.001,64,training_probe,64,32.0,1791188.0,2229.5985744162463,1.1214098738412832,1.1866979002952576,0.1598498669250495,0.1970133122522384,0.4171198131455056
batch64,0.001,64,training_probe,96,48.0,2692838.0,3350.339268666925,1.1659437754324657,1.2370995879173279,0.16580590964764522,0.2090311135398224,0.3841100689755848
batch64,0.001,64,training_probe,128,64.0,3596975.0,4474.514136696234,0.9769707167393524,1.0402961373329163,0.19161113443733466,0.24295528756920248,0.38892741140834275
batch64,0.001,64,training_probe,160,80.0,4475734.0,5583.541599484859,0.8878484561466733,0.9454230666160583,0.12574548221174797,0.1561693124822341,0.4714061530601073
batch64,0.001,64,training_probe,192,96.0,5316492.0,6643.477904500207,0.8204088696580416,0.8740735054016113,0.1174155938651874,0.14537328539881855,0.44843253895843216
batch64,0.001,64,training_probe,224,112.0,6142663.0,7688.901447654702,0.7491728033420313,0.8012481331825256,0.10852716317216322,0.13613225148583297,0.48916097952629467
batch64,0.001,64,training_probe,256,128.0,7001181.0,8771.791782968212,0.7126139186297946,0.763751208782196,0.10192052389008256,0.12917578780616168,0.4851830225174264
batch256,0.001,256,validation,0,0.0,0,0,2.4566923484808765,2.5325911645175645,0.9847092971674939,0.9763774871826172,0.005825604697767628
batch256,0.001,256,validation,8,16.0,929623.0,1202.364416160155,1.8769652465056081,1.9451020299171913,0.59488469960148,0.620389039824609,0.2268568144040018
batch256,0.001,256,validation,16,32.0,1791188.0,2283.1888514263555,1.7413443044033805,1.799602664246851,0.8196729881759643,0.8466749710290611,0.18388715415326778
batch256,0.001,256,validation,24,48.0,2692838.0,3403.541187690571,1.4691285581094355,1.5232453508441952,0.5978582536014374,0.6311391810981595,0.33174876885554055
batch256,0.001,256,validation,32,64.0,3596975.0,4555.5064976539,1.3557481362919637,1.4091174067283165,0.24547560773421237,0.2753064447925204,0.3534666231688183
batch256,0.001,256,validation,40,80.0,4475734.0,5664.066856044112,1.2408059062650496,1.2874992007300965,0.2217496378984653,0.24852089573736905,0.3608301875067965
batch256,0.001,256,validation,48,96.0,5316492.0,6684.749756747158,1.1506313863191497,1.1960479061619762,0.18198650830818464,0.20776874004375367,0.4180919979493872
batch256,0.001,256,validation,56,112.0,6142663.0,7679.735257077962,1.0523571670958196,1.0946340625788888,0.18201217086016144,0.2085152021070727,0.42825185254229386
batch256,0.001,256,validation,64,128.0,7001181.0,8751.742662271019,1.0245843552414908,1.0682176862444197,0.1691247246382489,0.19288170620241538,0.4280498982461046
batch256,0.001,256,training_probe,0,0.0,0,0,2.436326243225612,2.5512778759002686,1.0031954881322762,0.992886409163475,0.005036312543337834
batch256,0.001,256,training_probe,8,16.0,929623.0,1202.364416160155,1.8691832500410572,1.9720742106437683,0.5947713793805427,0.6291608288884163,0.2259954016276778
batch256,0.001,256,training_probe,16,32.0,1791188.0,2283.1888514263555,1.728431515387212,1.8154706358909607,0.8257485114024123,0.8623760491609573,0.17778548228166854
batch256,0.001,256,training_probe,24,48.0,2692838.0,3403.541187690571,1.4574897899483594,1.538736879825592,0.5781621810820089,0.6224990263581276,0.3292945512937484
batch256,0.001,256,training_probe,32,64.0,3596975.0,4555.5064976539,1.3487705598107733,1.4286525249481201,0.22513901831037758,0.26502345595508814,0.35148352249917886
batch256,0.001,256,training_probe,40,80.0,4475734.0,5664.066856044112,1.2347463653242579,1.3040167689323425,0.1840671461205653,0.2207654365338385,0.3586365461114558
batch256,0.001,256,training_probe,48,96.0,5316492.0,6684.749756747158,1.145492523083099,1.2114726901054382,0.1450277441048517,0.1808840841986239,0.4141637166526769
batch256,0.001,256,training_probe,56,112.0,6142663.0,7679.735257077962,1.0430319747682564,1.1044361591339111,0.12802178930798602,0.15860799490474164,0.42317798620488306
batch256,0.001,256,training_probe,64,128.0,7001181.0,8751.742662271019,1.0141360460156563,1.0776370167732239,0.1370247094014549,0.17126200601342134,0.42458304441443745
