series,update,position_policy_kl,family_policy_kl,positions,opening_families
CNN validation,0,2.015233278274536,1.500084638595581,1387635.0,2811.0000240802765
CNN validation,256,0.4380214214324951,0.3142740726470947,1387635.0,2811.0000240802765
CNN validation,512,0.31920313835144043,0.2283027172088623,1387635.0,2811.0000240802765
CNN validation,768,0.2726224660873413,0.1903693675994873,1387635.0,2811.0000240802765
CNN validation,1024,0.24944186210632324,0.1789555549621582,1387635.0,2811.0000240802765
CNN validation,1280,0.22270357608795166,0.15564680099487305,1387635.0,2811.0000240802765
CNN validation,1536,0.20054888725280762,0.14116477966308594,1387635.0,2811.0000240802765
CNN validation,1792,0.1881955862045288,0.13419294357299805,1387635.0,2811.0000240802765
CNN validation,2048,0.177911639213562,0.12455916404724121,1387635.0,2811.0000240802765
CNN validation,2304,0.16973161697387695,0.11736440658569336,1387635.0,2811.0000240802765
CNN validation,2560,0.16317832469940186,0.11238360404968262,1387635.0,2811.0000240802765
CNN validation,2816,0.15850889682769775,0.1078484058380127,1387635.0,2811.0000240802765
CNN validation,3072,0.14692676067352295,0.1016840934753418,1387635.0,2811.0000240802765
CNN validation,3328,0.14039373397827148,0.096832275390625,1387635.0,2811.0000240802765
CNN validation,3584,0.13769936561584473,0.09434628486633301,1387635.0,2811.0000240802765
CNN validation,3840,0.13153457641601562,0.09153223037719727,1387635.0,2811.0000240802765
CNN validation,4096,0.12851834297180176,0.09000468254089355,1387635.0,2811.0000240802765
CNN training probe,0,1.8633993864059448,1.7371878623962402,388049.0,2204.999973297119
CNN training probe,256,0.37510597705841064,0.3771018981933594,388049.0,2204.999973297119
CNN training probe,512,0.2565089464187622,0.2708401679992676,388049.0,2204.999973297119
CNN training probe,768,0.2070227861404419,0.22363758087158203,388049.0,2204.999973297119
CNN training probe,1024,0.18604493141174316,0.20440196990966797,388049.0,2204.999973297119
CNN training probe,1280,0.16151666641235352,0.1795196533203125,388049.0,2204.999973297119
CNN training probe,1536,0.14310550689697266,0.16070127487182617,388049.0,2204.999973297119
CNN training probe,1792,0.13245701789855957,0.1496264934539795,388049.0,2204.999973297119
CNN training probe,2048,0.12070286273956299,0.13806653022766113,388049.0,2204.999973297119
CNN training probe,2304,0.11218047142028809,0.12919771671295166,388049.0,2204.999973297119
CNN training probe,2560,0.10549521446228027,0.12209320068359375,388049.0,2204.999973297119
CNN training probe,2816,0.09937191009521484,0.11612105369567871,388049.0,2204.999973297119
CNN training probe,3072,0.09179222583770752,0.10837149620056152,388049.0,2204.999973297119
CNN training probe,3328,0.08590817451477051,0.10195398330688477,388049.0,2204.999973297119
CNN training probe,3584,0.08185386657714844,0.09752762317657471,388049.0,2204.999973297119
CNN training probe,3840,0.07820689678192139,0.09383976459503174,388049.0,2204.999973297119
CNN training probe,4096,0.07583117485046387,0.09081387519836426,388049.0,2204.999973297119
Transformer original validation,0,2.2068824768066406,1.716614007949829,1387635.0,2811.0000240802765
Transformer original validation,256,0.4940047264099121,0.3583250045776367,1387635.0,2811.0000240802765
Transformer original validation,512,0.36985278129577637,0.2662312984466553,1387635.0,2811.0000240802765
Transformer original validation,768,0.3112446069717407,0.21988916397094727,1387635.0,2811.0000240802765
Transformer original validation,1024,0.2631014585494995,0.18761754035949707,1387635.0,2811.0000240802765
Transformer original validation,1280,0.23863589763641357,0.16607666015625,1387635.0,2811.0000240802765
Transformer original validation,1536,0.2160642147064209,0.15363192558288574,1387635.0,2811.0000240802765
Transformer original validation,1792,0.1959061622619629,0.14107704162597656,1387635.0,2811.0000240802765
Transformer original validation,2048,0.1899867057800293,0.13365888595581055,1387635.0,2811.0000240802765
Transformer original validation,2304,0.17577672004699707,0.12470531463623047,1387635.0,2811.0000240802765
Transformer original validation,2560,0.17129969596862793,0.11974763870239258,1387635.0,2811.0000240802765
Transformer original validation,2816,0.1586703062057495,0.11085700988769531,1387635.0,2811.0000240802765
Transformer original validation,3072,0.15398192405700684,0.10605311393737793,1387635.0,2811.0000240802765
Transformer original validation,3328,0.14669060707092285,0.10159492492675781,1387635.0,2811.0000240802765
Transformer original validation,3584,0.14057660102844238,0.09820413589477539,1387635.0,2811.0000240802765
Transformer original validation,3840,0.13576197624206543,0.0948326587677002,1387635.0,2811.0000240802765
Transformer original validation,4096,0.1348280906677246,0.09425640106201172,1387635.0,2811.0000240802765
Transformer original training probe,0,2.057708740234375,1.9403717517852783,388049.0,2204.999973297119
Transformer original training probe,256,0.4165881872177124,0.4246695041656494,388049.0,2204.999973297119
Transformer original training probe,512,0.2927287817001343,0.3109142780303955,388049.0,2204.999973297119
Transformer original training probe,768,0.2384723424911499,0.2570006847381592,388049.0,2204.999973297119
Transformer original training probe,1024,0.19514310359954834,0.21495747566223145,388049.0,2204.999973297119
Transformer original training probe,1280,0.16969025135040283,0.18949317932128906,388049.0,2204.999973297119
Transformer original training probe,1536,0.15348517894744873,0.17335748672485352,388049.0,2204.999973297119
Transformer original training probe,1792,0.13899242877960205,0.15793466567993164,388049.0,2204.999973297119
Transformer original training probe,2048,0.1288999319076538,0.1481165885925293,388049.0,2204.999973297119
Transformer original training probe,2304,0.11905443668365479,0.13692688941955566,388049.0,2204.999973297119
Transformer original training probe,2560,0.11188101768493652,0.12978899478912354,388049.0,2204.999973297119
Transformer original training probe,2816,0.10169112682342529,0.11955475807189941,388049.0,2204.999973297119
Transformer original training probe,3072,0.09577047824859619,0.11330342292785645,388049.0,2204.999973297119
Transformer original training probe,3328,0.09029531478881836,0.10725295543670654,388049.0,2204.999973297119
Transformer original training probe,3584,0.08596324920654297,0.10245335102081299,388049.0,2204.999973297119
Transformer original training probe,3840,0.08200335502624512,0.09840059280395508,388049.0,2204.999973297119
Transformer original training probe,4096,0.08057081699371338,0.09651613235473633,388049.0,2204.999973297119
Transformer scale 0.01 validation,0,2.209754228591919,1.7189083099365234,1387635.0,2811.0000240802765
Transformer scale 0.01 validation,256,0.47974681854248047,0.3488023281097412,1387635.0,2811.0000240802765
Transformer scale 0.01 validation,512,0.3582472801208496,0.25653791427612305,1387635.0,2811.0000240802765
Transformer scale 0.01 validation,768,0.2996562719345093,0.21257734298706055,1387635.0,2811.0000240802765
Transformer scale 0.01 validation,1024,0.2663034200668335,0.19160223007202148,1387635.0,2811.0000240802765
Transformer scale 0.01 validation,1280,0.23368263244628906,0.16547513008117676,1387635.0,2811.0000240802765
Transformer scale 0.01 validation,1536,0.21024274826049805,0.15140366554260254,1387635.0,2811.0000240802765
Transformer scale 0.01 validation,1792,0.19989585876464844,0.14438390731811523,1387635.0,2811.0000240802765
Transformer scale 0.01 validation,2048,0.1825019121170044,0.1302196979522705,1387635.0,2811.0000240802765
Transformer scale 0.01 validation,2304,0.1760547161102295,0.12477707862854004,1387635.0,2811.0000240802765
Transformer scale 0.01 validation,2560,0.16518354415893555,0.11738896369934082,1387635.0,2811.0000240802765
Transformer scale 0.01 validation,2816,0.16050922870635986,0.11228775978088379,1387635.0,2811.0000240802765
Transformer scale 0.01 validation,3072,0.15403437614440918,0.10594773292541504,1387635.0,2811.0000240802765
Transformer scale 0.01 validation,3328,0.14619314670562744,0.10112690925598145,1387635.0,2811.0000240802765
Transformer scale 0.01 validation,3584,0.14052104949951172,0.09773039817810059,1387635.0,2811.0000240802765
Transformer scale 0.01 validation,3840,0.1355912685394287,0.09459066390991211,1387635.0,2811.0000240802765
Transformer scale 0.01 validation,4096,0.13112306594848633,0.0927116870880127,1387635.0,2811.0000240802765
Transformer scale 0.01 training probe,0,2.0609264373779297,1.9432647228240967,388049.0,2204.999973297119
Transformer scale 0.01 training probe,256,0.40351951122283936,0.41179394721984863,388049.0,2204.999973297119
Transformer scale 0.01 training probe,512,0.2822955846786499,0.3009605407714844,388049.0,2204.999973297119
Transformer scale 0.01 training probe,768,0.22517693042755127,0.2460477352142334,388049.0,2204.999973297119
Transformer scale 0.01 training probe,1024,0.19668149948120117,0.21800780296325684,388049.0,2204.999973297119
Transformer scale 0.01 training probe,1280,0.16778099536895752,0.1878819465637207,388049.0,2204.999973297119
Transformer scale 0.01 training probe,1536,0.15200412273406982,0.17114806175231934,388049.0,2204.999973297119
Transformer scale 0.01 training probe,1792,0.14216971397399902,0.1609206199645996,388049.0,2204.999973297119
Transformer scale 0.01 training probe,2048,0.1255803108215332,0.14446330070495605,388049.0,2204.999973297119
Transformer scale 0.01 training probe,2304,0.1182626485824585,0.13669133186340332,388049.0,2204.999973297119
Transformer scale 0.01 training probe,2560,0.10902631282806396,0.12677443027496338,388049.0,2204.999973297119
Transformer scale 0.01 training probe,2816,0.10239267349243164,0.120461106300354,388049.0,2204.999973297119
Transformer scale 0.01 training probe,3072,0.09509015083312988,0.11256420612335205,388049.0,2204.999973297119
Transformer scale 0.01 training probe,3328,0.08968102931976318,0.10635876655578613,388049.0,2204.999973297119
Transformer scale 0.01 training probe,3584,0.08502209186553955,0.10142850875854492,388049.0,2204.999973297119
Transformer scale 0.01 training probe,3840,0.08126890659332275,0.0975579023361206,388049.0,2204.999973297119
Transformer scale 0.01 training probe,4096,0.07888436317443848,0.09450829029083252,388049.0,2204.999973297119
