arm,split,turn,learning_seconds,expert_kl,family_kl,value_mse,value_family_mse
attention,validation,0,0.0,2.458625796894176,2.532834630434205,1.0206535739842086,1.010346033135239
attention,validation,16,1126.7439297750825,1.7335092908685583,1.7950467090217432,0.5333440166427816,0.5668689377453863
attention,validation,32,2178.879294503946,1.3651223079637953,1.4136003766741072,0.23193637712607265,0.2627038290711487
attention,validation,48,3280.426387686981,1.2219973498353296,1.270743233816964,0.23637421782154425,0.2586822420561395
attention,validation,64,4376.697946971108,1.1187705322223902,1.1657816698762025,0.19487106786190023,0.22835905246791385
attention,validation,80,5455.5789455580525,1.036040679954871,1.0781134780572383,0.18021407862736738,0.21051527701673053
attention,validation,96,6483.316335468029,0.9454827320581085,0.9852915913069329,0.16105783524778217,0.19029294752648898
attention,validation,112,7498.195673020382,0.8762758984538843,0.9139920708273541,0.1433127431512014,0.16563027268465685
attention,validation,128,8549.429353202402,0.8680306045715462,0.9048828073099355,0.14953682221187184,0.1746906262195232
attention,validation,144,9612.724273209402,0.816457193699414,0.8533196092462862,0.11862968582547051,0.14089936514695486
attention,validation,160,10713.684374066303,0.8338795596279769,0.8705728491958307,0.15793541433301134,0.180399551075332
attention,validation,176,11792.972135950113,0.7912020140086375,0.828319718237637,0.13516227093526056,0.15931824412272902
attention,validation,192,12893.548615231237,0.77356323596806,0.8106908992845185,0.10672307167433086,0.12691815748658716
attention,validation,208,13961.014001259115,0.7456442226750011,0.7818185974951501,0.10792070518783202,0.1300414677734683
attention,validation,224,15002.856304734305,0.710764825435755,0.745910462878999,0.11590823417397254,0.13903153140959487
attention,validation,240,16169.69820507936,0.7047739192046882,0.7399406952111898,0.11735939219899798,0.14179022981449454
attention,validation,256,17225.9879489374,0.6772307787814,0.7120700498827461,0.1063762961456066,0.12723208778873593
attention,train_probe,0,0.0,2.43838037104029,2.5503754019737244,1.010918782047188,0.9921892285346985
attention,train_probe,16,1126.7439297750825,1.7153433468440933,1.8077328205108643,0.5187444018993946,0.5687633864581585
attention,train_probe,32,2178.879294503946,1.3524026694965507,1.4242122769355774,0.21063188317787787,0.24559258110821247
attention,train_probe,48,3280.426387686981,1.213284799710777,1.284699261188507,0.2231863922657077,0.2533457260578871
attention,train_probe,64,4376.697946971108,1.1064573230675885,1.1755274534225464,0.1470434849359951,0.18129780422896147
attention,train_probe,80,5455.5789455580525,1.0268290419373378,1.088212788105011,0.15073035100155394,0.18304895289475098
attention,train_probe,96,6483.316335468029,0.9355568541066019,0.9942779541015625,0.1286381503656082,0.16041015309747308
attention,train_probe,112,7498.195673020382,0.864611821306704,0.9200201034545898,0.1351517630356045,0.16505707477335818
attention,train_probe,128,8549.429353202402,0.8570832268895296,0.9107674956321716,0.13840630828783915,0.1699294421414379
attention,train_probe,144,9612.724273209402,0.8086578301202509,0.8612691164016724,0.11112333397757228,0.13440074340905994
attention,train_probe,160,10713.684374066303,0.8233791507381119,0.8758482336997986,0.13081142906811824,0.1572246856521815
attention,train_probe,176,11792.972135950113,0.7772702610078097,0.8302651047706604,0.09808423836637312,0.12314201780827716
attention,train_probe,192,12893.548615231237,0.7586101870141602,0.8112577795982361,0.08224506057277613,0.1012537964998046
attention,train_probe,208,13961.014001259115,0.7265557997427101,0.7777904868125916,0.07167202432435524,0.08822883160610218
attention,train_probe,224,15002.856304734305,0.6933150392549541,0.743192195892334,0.06516636337208437,0.07886298903031275
attention,train_probe,240,16169.69820507936,0.6845097607067259,0.7347806692123413,0.06655319746095488,0.08153367642080411
attention,train_probe,256,17225.9879489374,0.6569089061530602,0.7057340741157532,0.05526265589530736,0.06797447451390326
flat,validation,0,0.0,2.4566923484808765,2.5325911645175645,0.9847092971674939,0.9763774871826172
flat,validation,16,1120.2641884820187,1.6275309825076505,1.6900267568575278,0.3028451529884199,0.3336543185370309
flat,validation,32,2167.3052757391124,1.4226051879679904,1.4698563400579956,0.3034476152371361,0.3411042264529637
flat,validation,48,3262.8851718111546,1.342085166578312,1.390078577054601,0.21841792678364844,0.24941145035685325
flat,validation,64,4353.768726753129,1.1334307422985503,1.1807245007988545,0.16956716954881254,0.20218473921219507
flat,validation,80,5425.801688802079,1.0492717053535365,1.0934881093550701,0.17329134883840022,0.19744198875767843
flat,validation,96,6447.984873940062,0.9887864998407667,1.0302566995426097,0.1619096546108205,0.19019086532244067
flat,validation,112,7457.136780518282,0.8856872235265101,0.9247840050937364,0.15384978499578986,0.1792926494615013
flat,validation,128,8502.547077626281,0.8422290013651335,0.879754643861939,0.12961951816393677,0.15473884853477382
flat,validation,144,9561.013965723338,0.8139720878287582,0.8505058548077433,0.11524810479302157,0.1355589990865211
flat,validation,160,10656.102980186464,0.8176119074389088,0.8536798386346724,0.14027412198721798,0.16226906007548578
flat,validation,176,11730.462089785608,0.7666167788581038,0.803835278465634,0.13830171149424916,0.16184170435176415
flat,validation,192,12825.81185892265,0.739775638971742,0.7758353097098212,0.13661083596795454,0.16237254371093648
flat,validation,208,13888.956233807723,0.7294905945612156,0.7643167275149807,0.12454989979779767,0.1484437906468401
flat,validation,224,14926.67246636172,0.7093269782054419,0.7449107137667079,0.13696587800746274,0.16112310099763935
flat,validation,240,16088.112552998704,0.7061275682421044,0.7406273926196456,0.12110630710443757,0.1434211896821147
flat,validation,256,17139.15610632469,0.6768029761072532,0.710345443414182,0.11153313552525294,0.1344114672297574
flat,train_probe,0,0.0,2.436326243225612,2.5512778759002686,1.0031954881322762,0.992886409163475
flat,train_probe,16,1120.2641884820187,1.6141725267782197,1.707633137702942,0.29265177971663897,0.33680385164916515
flat,train_probe,32,2167.3052757391124,1.4109304861136454,1.4807817339897156,0.24743604675696143,0.2871973952278495
flat,train_probe,48,3262.8851718111546,1.3331083519990146,1.403630554676056,0.16518733604194205,0.20008852682076395
flat,train_probe,64,4353.768726753129,1.1204206592596981,1.1912093758583069,0.14730899613519893,0.18315712735056877
flat,train_probe,80,5425.801688802079,1.0388190810782452,1.1022727489471436,0.12134986624900958,0.1520314288791269
flat,train_probe,96,6447.984873940062,0.9778266389684682,1.0385646224021912,0.0987792967497043,0.12406522454693913
flat,train_probe,112,7457.136780518282,0.8758256285126453,0.9315392971038818,0.09393171329427986,0.11770895664812997
flat,train_probe,128,8502.547077626281,0.8297498123927958,0.8849747776985168,0.11066728676980805,0.14229018296464346
flat,train_probe,144,9561.013965723338,0.8077217899209881,0.8606876730918884,0.11523034446348496,0.14213502543861978
flat,train_probe,160,10656.102980186464,0.8089899205320972,0.8600634932518005,0.11468611163451921,0.14106290286872536
flat,train_probe,176,11730.462089785608,0.7510203636500492,0.8032917380332947,0.0809683707338072,0.10385135126125533
flat,train_probe,192,12825.81185892265,0.7238012812032406,0.775597870349884,0.07143599917160273,0.08974271197803319
flat,train_probe,208,13888.956233807723,0.7145724608590927,0.7647387385368347,0.0855009438786984,0.10798647231422365
flat,train_probe,224,14926.67246636172,0.6905127635624613,0.7404412627220154,0.08263634297148267,0.1032233179139439
flat,train_probe,240,16088.112552998704,0.6900367601775481,0.740000307559967,0.07250548301789496,0.09059917202102952
flat,train_probe,256,17139.15610632469,0.6599218122741872,0.7086021304130554,0.07195569937178951,0.09014967866824009
